{
  "xgboost_best_params": {
    "max_depth": 6,
    "n_estimators": 50,
    "learning_rate": 0.3,
    "val_roc_auc": 0.7713527851458886
  },
  "xgboost_val": {
    "accuracy": 0.7073170731707317,
    "precision": 0.6933333333333334,
    "recall": 0.8,
    "f1": 0.7428571428571429,
    "roc_auc": 0.7713527851458886
  },
  "xgboost_test": {
    "accuracy": 0.6666666666666666,
    "precision": 0.6578947368421053,
    "recall": 0.7692307692307693,
    "f1": 0.7092198581560284,
    "roc_auc": 0.6981432360742705
  },
  "lapeigvals_val_fit": {
    "accuracy": 0.6747967479674797,
    "precision": 0.6712328767123288,
    "recall": 0.7538461538461538,
    "f1": 0.7101449275362319,
    "roc_auc": 0.7090185676392573
  },
  "lapeigvals_test": {
    "accuracy": 0.6747967479674797,
    "precision": 0.6865671641791045,
    "recall": 0.7076923076923077,
    "f1": 0.696969696969697,
    "roc_auc": 0.7209549071618037
  },
  "gated_val": {
    "accuracy": 0.6422764227642277,
    "precision": 0.6363636363636364,
    "recall": 0.7538461538461538,
    "f1": 0.6901408450704225,
    "roc_auc": 0.7297082228116711
  },
  "gated_test": {
    "accuracy": 0.7073170731707317,
    "precision": 0.7164179104477612,
    "recall": 0.7384615384615385,
    "f1": 0.7272727272727273,
    "roc_auc": 0.770557029177719
  },
  "length_baseline_val": {
    "best_threshold": 18.625,
    "accuracy": 0.5528455284552846,
    "precision": 0.5423728813559322,
    "recall": 0.9846153846153847,
    "f1": 0.6994535519125683,
    "roc_auc": 0.38726790450928383
  }
}